Parameter,Slope,Intercept
a,0.00314357411919967,0.08989234270847818
b,4.6069881723322564e-05,0.4233857120270905
