Quartile,Value
Q1,72.92466872803865
Q2,152.35004177454806
Q3,228.10222182719303
